<?xml version="1.0" encoding="UTF-8"?>
<doctrine-mapping xmlns="http://doctrine-project.org/schemas/orm/doctrine-mapping"
                  xmlns:xsi="http://www.w3.org/2001/XMLSchema-instance"
                  xsi:schemaLocation="http://doctrine-project.org/schemas/orm/doctrine-mapping
                  http://doctrine-project.org/schemas/orm/doctrine-mapping.xsd">

    <entity name="Aisel\UserBundle\Entity\FrontendUser"  table="x_user_frontend" repository-class="Aisel\UserBundle\Entity\FrontendUserRepository">

        <id name="id" type="integer" column="id">
            <generator strategy="AUTO"/>
            <sequence-generator sequence-name="tablename_seq" allocation-size="100" initial-value="1" />
        </id>

        <field name="username"      type="string"     column="username"  length="255" nullable="false" unique="true" />
        <field name="email"         type="string"     column="email"     length="255" nullable="false" unique="true" />
        <field name="password"      type="string"     column="password"  length="255" nullable="false" />
        <field name="salt"         type="string"     column="salt"  />

        <field name="enabled"       type="boolean"    column="enabled"  />
        <field name="locked"        type="boolean"    column="locked"   />

        <field name="createdAt"    type="datetime"   column="created_at" />
        <field name="updatedAt"    type="datetime"   column="updated_at" />
        <field name="expiresAt"    type="datetime"   column="expires_at" nullable="true" />
        <field name="lastLogin"    type="datetime"   column="last_login" />

        <!-- Profile fields -->


    </entity>

</doctrine-mapping>
